feature,importance,clean_feature
num__CRS_DEP_TIME_MIN,0.05555161024083638,Scheduled Departure Time
num__CRS_ARR_TIME_MIN,0.05522700305226316,Scheduled Arrival Time
num__SCHED_BLOCK_MINS,0.04721942380577012,Scheduled Block Time
num__CRS_ELAPSED_TIME,0.04701905850164583,Scheduled Elapsed Time
num__day,0.04577530065231731,Day
num__DISTANCE,0.04538003832936907,Distance
num__week_of_year,0.044481732421311884,week of Year
num__day_of_week,0.032105409513258375,Day of Week
num__year,0.031266176530164766,Year
num__arr_hour,0.031078889078073997,Arrival Hour
num__dep_hour,0.029193406067862866,Departure Hour
num__month,0.029063285298411796,Month
num__is_weekend,0.010319597972020143,Weekend Flag
cat__season_Summer,0.00823189895004017,Season: Summer
cat__AIRLINE_Southwest Airlines Co.,0.008072153147306619,Airline: Southwest
cat__AIRLINE_CODE_WN,0.007246859089051659,Airline Code: WN
cat__season_Spring,0.00724227576537979,Season: Spring
cat__season_Winter,0.007237119767999648,Season: Winter
cat__dep_time_bucket_Early Morning,0.006368588044927624,Departure Time: Early Morning
cat__season_Fall,0.0061624767803666524,Season: Fall
cat__distance_band_Medium Haul,0.005621315866317684,distance band Medium Haul
num__is_morning_peak,0.0054523355622459226,is morning peak
cat__DEST_STATE_TX,0.00509317399619452,DEST STATE TX
cat__ORIGIN_STATE_TX,0.004902285106885648,ORIGIN STATE TX
cat__DEST_STATE_CA,0.004780320620476632,DEST STATE CA
cat__ORIGIN_STATE_CA,0.004605134524738504,ORIGIN STATE CA
cat__DEST_STATE_FL,0.004481769514559136,DEST STATE FL
cat__ORIGIN_STATE_FL,0.004426572176904085,ORIGIN STATE FL
cat__distance_band_Short Haul,0.004320391893831066,distance band Short Haul
cat__dep_time_bucket_Evening,0.004249419605469985,Departure Time: Evening
num__is_evening_peak,0.004145205831147547,is evening peak
cat__AIRLINE_CODE_AA,0.004124569379075017,AIRLINE CODE AA
cat__AIRLINE_American Airlines Inc.,0.004101638174528631,AIRLINE American Airlines Inc.
cat__dep_time_bucket_Afternoon,0.00395864441475538,dep time bucket Afternoon
cat__ORIGIN_STATE_IL,0.003600956268323317,ORIGIN STATE IL
cat__AIRLINE_SkyWest Airlines Inc.,0.0035283754488661632,AIRLINE SkyWest Airlines Inc.
cat__AIRLINE_Delta Air Lines Inc.,0.0035049160905390887,AIRLINE Delta Air Lines Inc.
cat__DEST_STATE_IL,0.0034975617965925386,DEST STATE IL
cat__DEST_STATE_NY,0.003468973570872485,DEST STATE NY
cat__ORIGIN_STATE_NY,0.003456118807737091,ORIGIN STATE NY
cat__AIRLINE_CODE_DL,0.003447007971373347,AIRLINE CODE DL
cat__AIRLINE_CODE_UA,0.003364515315112138,AIRLINE CODE UA
cat__AIRLINE_United Air Lines Inc.,0.0033621560886255087,AIRLINE United Air Lines Inc.
cat__AIRLINE_CODE_OO,0.003299885749409481,AIRLINE CODE OO
cat__dep_time_bucket_Morning,0.0032199426704269994,dep time bucket Morning
cat__distance_band_Long Haul,0.0030597113151561942,distance band Long Haul
cat__ORIGIN_STATE_CO,0.003034050832392585,ORIGIN STATE CO
cat__DEST_DFW,0.0030129165383250187,DEST DFW
cat__ORIGIN_ORD,0.002994981495748073,ORIGIN ORD
cat__ORIGIN_DFW,0.0029261245993896404,ORIGIN DFW
cat__DEST_STATE_NC,0.0029220933907539125,DEST STATE NC
cat__DEST_STATE_CO,0.0029056786194203215,DEST STATE CO
cat__AIRLINE_CODE_B6,0.002854247169701769,AIRLINE CODE B6
cat__DEST_STATE_GA,0.002831490286990115,DEST STATE GA
cat__DEST_ORD,0.0027924130212048197,DEST ORD
cat__ORIGIN_DEN,0.0027508876329845025,ORIGIN DEN
cat__ORIGIN_STATE_GA,0.0027418725488807865,ORIGIN STATE GA
cat__AIRLINE_JetBlue Airways,0.002735709548579733,AIRLINE JetBlue Airways
cat__ORIGIN_STATE_NC,0.0027298430942248085,ORIGIN STATE NC
cat__dep_time_bucket_Night,0.0027292635730784645,dep time bucket Night
cat__DEST_DEN,0.0027230141120304185,DEST DEN
cat__ORIGIN_ATL,0.0026327597547475285,ORIGIN ATL
cat__DEST_ATL,0.0026088222102665405,DEST ATL
cat__DEST_LAX,0.002475080890806729,DEST LAX
cat__DEST_STATE_AZ,0.002421655225612154,DEST STATE AZ
cat__ORIGIN_LAX,0.0023783155523934246,ORIGIN LAX
cat__DEST_STATE_NV,0.0023251875015200107,DEST STATE NV
cat__ORIGIN_STATE_AZ,0.0023193430304653605,ORIGIN STATE AZ
cat__DEST_SFO,0.002316950554463116,DEST SFO
cat__AIRLINE_CODE_YX,0.002261021626390411,AIRLINE CODE YX
cat__DEST_STATE_PA,0.00224090292335507,DEST STATE PA
cat__AIRLINE_Republic Airline,0.0022263173391933676,AIRLINE Republic Airline
cat__DEST_STATE_DC,0.0022191991805713906,DEST STATE DC
cat__AIRLINE_Spirit Air Lines,0.002184331824727969,AIRLINE Spirit Air Lines
cat__ORIGIN_MCO,0.0021794657277711942,ORIGIN MCO
cat__ORIGIN_STATE_NV,0.0021741943992881815,ORIGIN STATE NV
cat__AIRLINE_CODE_NK,0.002170212837696854,AIRLINE CODE NK
cat__ORIGIN_STATE_MI,0.002155564642810632,ORIGIN STATE MI
cat__DEST_LAS,0.0021360339735275575,DEST LAS
cat__DEST_PHX,0.0021225187716034707,DEST PHX
cat__DEST_MCO,0.0021218525093256537,DEST MCO
cat__AIRLINE_CODE_MQ,0.0021202580077427243,AIRLINE CODE MQ
cat__ORIGIN_PHX,0.002109828577718481,ORIGIN PHX
cat__ORIGIN_LGA,0.0020970401576597577,ORIGIN LGA
cat__AIRLINE_Envoy Air,0.0020955723031913934,AIRLINE Envoy Air
cat__DEST_LGA,0.0020890755809615043,DEST LGA
cat__DEST_STATE_MI,0.0020810633007907844,DEST STATE MI
cat__ORIGIN_STATE_DC,0.0020717365289363455,ORIGIN STATE DC
cat__ORIGIN_LAS,0.0020601348695093043,ORIGIN LAS
cat__DEST_STATE_WA,0.002044059021576406,DEST STATE WA
cat__DEST_CLT,0.002037365802646916,DEST CLT
cat__ORIGIN_STATE_PA,0.002002141068281636,ORIGIN STATE PA
cat__AIRLINE_Frontier Airlines Inc.,0.0019579055622457172,AIRLINE Frontier Airlines Inc.
cat__ORIGIN_CLT,0.0019441679397660604,ORIGIN CLT
cat__ORIGIN_STATE_WA,0.001933873425457561,ORIGIN STATE WA
cat__ORIGIN_IAH,0.0019253492381179932,ORIGIN IAH
cat__DEST_IAH,0.0019129874453623576,DEST IAH
cat__DEST_STATE_OH,0.001912886932125067,DEST STATE OH
cat__AIRLINE_CODE_F9,0.0019011191325235194,AIRLINE CODE F9
cat__ORIGIN_SFO,0.0018947922894316162,ORIGIN SFO
cat__ORIGIN_STATE_OH,0.001876267893057843,ORIGIN STATE OH
cat__ORIGIN_STATE_NJ,0.0018622285798392067,ORIGIN STATE NJ
cat__DEST_STATE_TN,0.0018542121627573925,DEST STATE TN
cat__DEST_BOS,0.0018464603568300244,DEST BOS
cat__ORIGIN_DTW,0.001833684345671543,ORIGIN DTW
cat__AIRLINE_CODE_9E,0.00180505106221753,AIRLINE CODE 9E
cat__DEST_STATE_MA,0.0018035695995375872,DEST STATE MA
cat__AIRLINE_PSA Airlines Inc.,0.0017835278449411353,AIRLINE PSA Airlines Inc.
cat__ORIGIN_STATE_TN,0.0017798212465104755,ORIGIN STATE TN
cat__AIRLINE_Endeavor Air Inc.,0.001769811265040304,AIRLINE Endeavor Air Inc.
cat__DEST_EWR,0.0017528791263098891,DEST EWR
cat__DEST_STATE_NJ,0.0017506312696088887,DEST STATE NJ
cat__AIRLINE_CODE_OH,0.0017403959068430274,AIRLINE CODE OH
cat__AIRLINE_Mesa Airlines Inc.,0.001731765740604305,AIRLINE Mesa Airlines Inc.
cat__AIRLINE_CODE_AS,0.0017278617149678068,AIRLINE CODE AS
cat__AIRLINE_Alaska Airlines Inc.,0.0017199954277132717,AIRLINE Alaska Airlines Inc.
cat__ORIGIN_EWR,0.0017167160876203616,ORIGIN EWR
cat__ORIGIN_STATE_MA,0.001706918841179468,ORIGIN STATE MA
cat__AIRLINE_CODE_YV,0.0017053547071035203,AIRLINE CODE YV
cat__DEST_DTW,0.0017033650627629347,DEST DTW
cat__DEST_SEA,0.0016814365377625523,DEST SEA
cat__ORIGIN_BOS,0.0016723276768752103,ORIGIN BOS
cat__DEST_STATE_MO,0.00167228046641425,DEST STATE MO
cat__DEST_DCA,0.0016716510260010773,DEST DCA
cat__ORIGIN_STATE_MN,0.0016622684675864808,ORIGIN STATE MN
cat__ORIGIN_JFK,0.0016442525054009018,ORIGIN JFK
cat__ORIGIN_SEA,0.0016408728154589576,ORIGIN SEA
cat__ORIGIN_STATE_MO,0.0016059060524246337,ORIGIN STATE MO
cat__ORIGIN_DCA,0.0015929626048292213,ORIGIN DCA
cat__ORIGIN_MSP,0.0015899900077875416,ORIGIN MSP
cat__DEST_JFK,0.0015677157977038608,DEST JFK
cat__DEST_STATE_MN,0.0015646078102759548,DEST STATE MN
num__is_red_eye,0.0015609974168921176,is red eye
cat__DEST_MSP,0.0015417873242895912,DEST MSP
cat__DEST_FLL,0.001541289776086518,DEST FLL
cat__DEST_STATE_UT,0.00153247634498636,DEST STATE UT
cat__ORIGIN_FLL,0.0015308338319573581,ORIGIN FLL
cat__DEST_MIA,0.0015113486637841854,DEST MIA
cat__ORIGIN_MIA,0.0015013225315300151,ORIGIN MIA
cat__ORIGIN_STATE_UT,0.0014822811139533624,ORIGIN STATE UT
cat__DEST_PHL,0.0014488470128023669,DEST PHL
cat__ORIGIN_PHL,0.0014246780153379878,ORIGIN PHL
cat__ORIGIN_SLC,0.0014200765636689712,ORIGIN SLC
cat__DEST_SLC,0.0014077284570765932,DEST SLC
cat__DEST_TPA,0.0013703685942328234,DEST TPA
cat__AIRLINE_CODE_G4,0.0013564862027391573,AIRLINE CODE G4
cat__AIRLINE_Allegiant Air,0.0013428538463852724,AIRLINE Allegiant Air
cat__ORIGIN_SAN,0.0013175501173178375,ORIGIN SAN
cat__DEST_BNA,0.0012922241896261297,DEST BNA
cat__ORIGIN_BWI,0.0012767601206078092,ORIGIN BWI
cat__ORIGIN_AUS,0.0012730657893100894,ORIGIN AUS
cat__ORIGIN_BNA,0.001272440033948305,ORIGIN BNA
cat__DEST_SAN,0.0012652776364225362,DEST SAN
cat__DEST_AUS,0.001246535091589924,DEST AUS
cat__ORIGIN_TPA,0.0012406727689444595,ORIGIN TPA
cat__ORIGIN_STATE_LA,0.0012338335390409162,ORIGIN STATE LA
cat__ORIGIN_STATE_MD,0.0012326585860006304,ORIGIN STATE MD
cat__DEST_STATE_MD,0.0012064071836722528,DEST STATE MD
cat__DEST_BWI,0.0012022806741702218,DEST BWI
cat__DEST_RDU,0.0011557830860465352,DEST RDU
cat__DEST_STATE_OR,0.0011350621523233155,DEST STATE OR
cat__ORIGIN_MDW,0.0010938374750648387,ORIGIN MDW
cat__DEST_STATE_LA,0.0010883310196087316,DEST STATE LA
cat__ORIGIN_STATE_OR,0.0010730415273086085,ORIGIN STATE OR
cat__ORIGIN_DAL,0.0010680554493444658,ORIGIN DAL
cat__DEST_STATE_SC,0.001040652670894094,DEST STATE SC
cat__DEST_STATE_IN,0.0010308759436165225,DEST STATE IN
cat__DEST_STATE_WI,0.0010083192000507571,DEST STATE WI
cat__DEST_STL,0.0009709008057029606,DEST STL
cat__DEST_STATE_HI,0.000963713344970718,DEST STATE HI
cat__ORIGIN_HOU,0.0009620733362984151,ORIGIN HOU
cat__DEST_MDW,0.0009552678443139653,DEST MDW
cat__ORIGIN_RDU,0.0009544254338667258,ORIGIN RDU
cat__ORIGIN_STL,0.000949020732009982,ORIGIN STL
cat__ORIGIN_STATE_IN,0.0009328712232357235,ORIGIN STATE IN
cat__ORIGIN_STATE_HI,0.0009327591327526402,ORIGIN STATE HI
cat__ORIGIN_STATE_SC,0.0009281243505206815,ORIGIN STATE SC
cat__DEST_IAD,0.000921210435912687,DEST IAD
cat__DEST_SMF,0.0009050566446201228,DEST SMF
cat__ORIGIN_MSY,0.0009047018593928412,ORIGIN MSY
cat__DEST_HOU,0.0008902994901559246,DEST HOU
cat__DEST_PDX,0.0008785294921132509,DEST PDX
cat__DEST_DAL,0.0008722994385355059,DEST DAL
cat__DEST_SJC,0.000841634514288491,DEST SJC
cat__DEST_MCI,0.0008368403692518497,DEST MCI
cat__DEST_MSY,0.0008215754921573304,DEST MSY
cat__DEST_STATE_VA,0.000820203336478494,DEST STATE VA
cat__ORIGIN_STATE_VA,0.0008108082456843579,ORIGIN STATE VA
cat__DEST_STATE_OK,0.0008048029602593091,DEST STATE OK
cat__DEST_IND,0.0008035392401470943,DEST IND
cat__ORIGIN_IAD,0.0008016129166991163,ORIGIN IAD
cat__ORIGIN_STATE_WI,0.0007933623103269402,ORIGIN STATE WI
cat__ORIGIN_PDX,0.0007916256688320919,ORIGIN PDX
cat__DEST_OAK,0.0007877371881665681,DEST OAK
cat__ORIGIN_SMF,0.000786946340236334,ORIGIN SMF
cat__DEST_PIT,0.0007752251858272891,DEST PIT
cat__DEST_SAT,0.000751589759896667,DEST SAT
cat__DEST_SNA,0.0007510146180694274,DEST SNA
cat__ORIGIN_CLE,0.0007495357169169077,ORIGIN CLE
cat__ORIGIN_SNA,0.0007450421444273426,ORIGIN SNA
cat__DEST_CVG,0.0007408675323755926,DEST CVG
cat__ORIGIN_OAK,0.0007343954941132821,ORIGIN OAK
cat__ORIGIN_SJC,0.0007304363045320283,ORIGIN SJC
cat__DEST_CLE,0.0007087395327275221,DEST CLE
cat__ORIGIN_MCI,0.0007010693439227659,ORIGIN MCI
cat__DEST_RSW,0.0007005784768241856,DEST RSW
cat__ORIGIN_RSW,0.0006998082632996138,ORIGIN RSW
cat__ORIGIN_IND,0.0006907695907775779,ORIGIN IND
cat__ORIGIN_STATE_AL,0.0006807673779342806,ORIGIN STATE AL
cat__ORIGIN_STATE_OK,0.0006727097805283411,ORIGIN STATE OK
cat__DEST_HNL,0.0006667521195174056,DEST HNL
cat__ORIGIN_CVG,0.0006647796926335405,ORIGIN CVG
cat__DEST_CMH,0.0006528702839096608,DEST CMH
cat__ORIGIN_PIT,0.0006476161442933139,ORIGIN PIT
cat__DEST_STATE_PR,0.0006412246515227556,DEST STATE PR
cat__AIRLINE_ExpressJet Airlines LLC d/b/a aha!,0.0006288313884630846,AIRLINE ExpressJet Airlines LLC d/b/a aha!
cat__ORIGIN_SAT,0.000627818587865254,ORIGIN SAT
cat__ORIGIN_CMH,0.0006164456640467103,ORIGIN CMH
cat__AIRLINE_CODE_EV,0.0006114498942532191,AIRLINE CODE EV
cat__DEST_SJU,0.0005942410628150649,DEST SJU
cat__ORIGIN_STATE_PR,0.0005905741159931057,ORIGIN STATE PR
cat__AIRLINE_Hawaiian Airlines Inc.,0.0005873299246085796,AIRLINE Hawaiian Airlines Inc.
cat__AIRLINE_CODE_HA,0.0005808196192186793,AIRLINE CODE HA
cat__DEST_ONT,0.000575710845951147,DEST ONT
cat__DEST_STATE_NE,0.000560510932800561,DEST STATE NE
cat__AIRLINE_Horizon Air,0.000559729412072094,AIRLINE Horizon Air
cat__DEST_MKE,0.0005579888291620681,DEST MKE
cat__ORIGIN_HNL,0.0005472986991964099,ORIGIN HNL
cat__AIRLINE_CODE_QX,0.0005448315853912514,AIRLINE CODE QX
cat__DEST_STATE_AL,0.0005420532507035166,DEST STATE AL
cat__ORIGIN_SJU,0.0005276201306892987,ORIGIN SJU
cat__ORIGIN_JAX,0.0005268194072929009,ORIGIN JAX
cat__ORIGIN_BUR,0.0005260225631350887,ORIGIN BUR
cat__DEST_STATE_AK,0.0005219410131456322,DEST STATE AK
cat__ORIGIN_STATE_KY,0.0005116921112444235,ORIGIN STATE KY
cat__ORIGIN_STATE_MT,0.0005109537750326722,ORIGIN STATE MT
cat__DEST_OKC,0.0005075342117336141,DEST OKC
cat__DEST_JAX,0.0005039501056764928,DEST JAX
cat__ORIGIN_STATE_AR,0.0004919184835453939,ORIGIN STATE AR
cat__DEST_STATE_KY,0.0004915813515677962,DEST STATE KY
cat__DEST_CHS,0.00048644002009736836,DEST CHS
cat__ORIGIN_ONT,0.00048194650474295254,ORIGIN ONT
cat__ORIGIN_STATE_NM,0.0004786019483616287,ORIGIN STATE NM
cat__DEST_PBI,0.00047745837732534734,DEST PBI
cat__DEST_BUR,0.00047720984163962234,DEST BUR
cat__DEST_STATE_IA,0.00047421974702069786,DEST STATE IA
cat__DEST_STATE_ID,0.00047082148189835137,DEST STATE ID
cat__ORIGIN_OKC,0.0004650168488700119,ORIGIN OKC
cat__DEST_BUF,0.00045579006034456005,DEST BUF
cat__ORIGIN_STATE_NE,0.0004496882775719728,ORIGIN STATE NE
cat__DEST_OMA,0.00044835161236341393,DEST OMA
cat__DEST_STATE_AR,0.0004445565074869591,DEST STATE AR
cat__ORIGIN_STATE_AK,0.000442609366961558,ORIGIN STATE AK
cat__ORIGIN_STATE_IA,0.0004405535895450533,ORIGIN STATE IA
cat__DEST_ORF,0.00043650987148342494,DEST ORF
cat__ORIGIN_PBI,0.00043167853607495614,ORIGIN PBI
cat__DEST_STATE_NM,0.0004311348133032929,DEST STATE NM
cat__DEST_STATE_MT,0.00042481365088988465,DEST STATE MT
cat__DEST_MEM,0.00042350450656008533,DEST MEM
cat__ORIGIN_STATE_CT,0.00042328683778702144,ORIGIN STATE CT
cat__DEST_BDL,0.0004226489710857338,DEST BDL
cat__ORIGIN_CHS,0.00042231147848109446,ORIGIN CHS
cat__ORIGIN_MKE,0.0004095045122361124,ORIGIN MKE
cat__DEST_RNO,0.0004059265150105748,DEST RNO
cat__DEST_STATE_CT,0.00040481910983477414,DEST STATE CT
cat__ORIGIN_ABQ,0.00040417729740598626,ORIGIN ABQ
cat__ORIGIN_BUF,0.0004011263882248153,ORIGIN BUF
cat__ORIGIN_STATE_ID,0.0003979624115047442,ORIGIN STATE ID
cat__ORIGIN_BDL,0.00039566978571903077,ORIGIN BDL
cat__DEST_ELP,0.0003941562010551096,DEST ELP
cat__ORIGIN_OMA,0.0003894979256020049,ORIGIN OMA
cat__ORIGIN_ORF,0.0003818726517312483,ORIGIN ORF
cat__ORIGIN_MEM,0.0003790040959423403,ORIGIN MEM
cat__DEST_STATE_KS,0.00037748100159079806,DEST STATE KS
cat__DEST_SDF,0.00037727322020103066,DEST SDF
cat__DEST_BOI,0.00036930914112514527,DEST BOI
cat__DEST_TUS,0.00036243580256571954,DEST TUS
cat__DEST_BHM,0.0003587947930825504,DEST BHM
cat__DEST_OGG,0.00035764019761189234,DEST OGG
cat__ORIGIN_BHM,0.00035338345804451234,ORIGIN BHM
cat__DEST_ABQ,0.00035139290258309915,DEST ABQ
cat__ORIGIN_OGG,0.000348811343219991,ORIGIN OGG
cat__DEST_RIC,0.0003461729906265787,DEST RIC
cat__ORIGIN_SDF,0.0003392550477005754,ORIGIN SDF
cat__ORIGIN_SAV,0.0003381638457721236,ORIGIN SAV
cat__ORIGIN_STATE_ND,0.0003290041748267459,ORIGIN STATE ND
cat__DEST_GEG,0.00032837217574545953,DEST GEG
cat__ORIGIN_LGB,0.0003243637395032329,ORIGIN LGB
cat__ORIGIN_TUS,0.00032433659607205873,ORIGIN TUS
cat__DEST_STATE_RI,0.00032373657619456144,DEST STATE RI
cat__ORIGIN_RNO,0.000320891233628792,ORIGIN RNO
cat__DEST_TUL,0.0003207618833942231,DEST TUL
cat__DEST_PVD,0.0003118319560591072,DEST PVD
cat__ORIGIN_BOI,0.0003097152229435201,ORIGIN BOI
cat__DEST_GSO,0.00030937224124017647,DEST GSO
cat__DEST_SAV,0.0003072705027619937,DEST SAV
cat__DEST_STATE_SD,0.00030103777289205443,DEST STATE SD
cat__ORIGIN_ASE,0.0003002927452999917,ORIGIN ASE
cat__ORIGIN_PSP,0.0002989058848403555,ORIGIN PSP
cat__DEST_PSP,0.00029628136930623833,DEST PSP
cat__DEST_GRR,0.00029527802104931393,DEST GRR
cat__DEST_STATE_ND,0.0002894883948968329,DEST STATE ND
cat__DEST_FAT,0.00028728101567158064,DEST FAT
cat__ORIGIN_DSM,0.0002846077010034229,ORIGIN DSM
cat__DEST_LGB,0.0002825209325386041,DEST LGB
cat__ORIGIN_SRQ,0.0002808419045070977,ORIGIN SRQ
cat__ORIGIN_ELP,0.0002788993605031478,ORIGIN ELP
cat__ORIGIN_RIC,0.0002766243315357962,ORIGIN RIC
cat__DEST_MSN,0.00027609698224216123,DEST MSN
cat__DEST_ANC,0.000274249307700816,DEST ANC
cat__ORIGIN_HPN,0.0002733613656772489,ORIGIN HPN
cat__ORIGIN_STATE_SD,0.0002728282000118903,ORIGIN STATE SD
cat__DEST_MYR,0.00027052796879449537,DEST MYR
cat__DEST_DSM,0.00027043688370499415,DEST DSM
cat__ORIGIN_GEG,0.0002643466020313659,ORIGIN GEG
cat__ORIGIN_COS,0.0002641564439559348,ORIGIN COS
cat__DEST_KOA,0.00026408613100828036,DEST KOA
cat__ORIGIN_MYR,0.00026385940689851333,ORIGIN MYR
cat__DEST_STATE_MS,0.00026285962302360243,DEST STATE MS
cat__ORIGIN_GRR,0.00026038286074340984,ORIGIN GRR
cat__ORIGIN_FAT,0.0002580338451830028,ORIGIN FAT
cat__ORIGIN_STATE_ME,0.0002579315571400528,ORIGIN STATE ME
cat__ORIGIN_PNS,0.00025611336763140875,ORIGIN PNS
cat__DEST_STATE_ME,0.0002538089490548563,DEST STATE ME
cat__ORIGIN_TUL,0.0002498599069016405,ORIGIN TUL
cat__DEST_ICT,0.00024787545709874947,DEST ICT
cat__DEST_GSP,0.00024775272657024126,DEST GSP
cat__DEST_TYS,0.00024285774188268047,DEST TYS
cat__ORIGIN_ALB,0.00024213701462341597,ORIGIN ALB
cat__DEST_ALB,0.00024209382958674023,DEST ALB
cat__ORIGIN_STATE_MS,0.0002412754581233448,ORIGIN STATE MS
cat__DEST_VPS,0.00024102919770573348,DEST VPS
cat__DEST_SRQ,0.00024042821911664377,DEST SRQ
cat__ORIGIN_PVD,0.00023632747458809312,ORIGIN PVD
cat__ORIGIN_STATE_KS,0.00023505248339107798,ORIGIN STATE KS
cat__ORIGIN_TYS,0.0002339188618650499,ORIGIN TYS
cat__DEST_COS,0.00022837934512369117,DEST COS
cat__ORIGIN_VPS,0.00022578443184088714,ORIGIN VPS
cat__DEST_HPN,0.00022388849530302954,DEST HPN
cat__ORIGIN_XNA,0.00022376503589278967,ORIGIN XNA
cat__ORIGIN_STATE_RI,0.0002215333296590687,ORIGIN STATE RI
cat__ORIGIN_ROC,0.00021585635257864082,ORIGIN ROC
cat__DEST_ASE,0.0002151423281635701,DEST ASE
cat__ORIGIN_DAY,0.0002141587848845327,ORIGIN DAY
cat__ORIGIN_LIH,0.00021258197803953233,ORIGIN LIH
cat__ORIGIN_LIT,0.00020720041640228084,ORIGIN LIT
cat__ORIGIN_ANC,0.00020627615448488306,ORIGIN ANC
cat__ORIGIN_GSP,0.0002052132991203362,ORIGIN GSP
cat__ORIGIN_KOA,0.0002045887761788359,ORIGIN KOA
cat__ORIGIN_EYW,0.00020182079933832526,ORIGIN EYW
cat__DEST_LIH,0.00020170760075614332,DEST LIH
cat__DEST_PNS,0.00020138483531383116,DEST PNS
cat__DEST_LIT,0.00020035622819358282,DEST LIT
cat__DEST_SYR,0.00019925914533912463,DEST SYR
cat__ORIGIN_SYR,0.00019851892527529563,ORIGIN SYR
cat__DEST_STATE_WY,0.00019820541998631958,DEST STATE WY
cat__ORIGIN_STATE_WY,0.00019762349798488975,ORIGIN STATE WY
cat__DEST_ROC,0.00019588355899683338,DEST ROC
cat__ORIGIN_AMA,0.00019318003871911682,ORIGIN AMA
cat__DEST_MAF,0.00019296350705664875,DEST MAF
cat__DEST_BZN,0.00019173587940139234,DEST BZN
cat__ORIGIN_GSO,0.00019172726683956305,ORIGIN GSO
cat__ORIGIN_PWM,0.00018718384941725794,ORIGIN PWM
cat__DEST_XNA,0.00018650331393222906,DEST XNA
cat__ORIGIN_BZN,0.00018504539551048697,ORIGIN BZN
cat__DEST_SBA,0.00018165230461056664,DEST SBA
cat__DEST_SFB,0.00018106642631662948,DEST SFB
cat__ORIGIN_SFB,0.00017910738097798935,ORIGIN SFB
cat__ORIGIN_FAR,0.00017803163697769717,ORIGIN FAR
cat__ORIGIN_MAF,0.00017698066543902984,ORIGIN MAF
cat__ORIGIN_MSN,0.00017431024630567437,ORIGIN MSN
cat__DEST_BTV,0.0001740365524661614,DEST BTV
cat__DEST_AVL,0.00017061103027248093,DEST AVL
cat__ORIGIN_CHA,0.00016940655128757653,ORIGIN CHA
cat__DEST_PWM,0.00016638527010613393,DEST PWM
cat__ORIGIN_AVL,0.00016636095421475655,ORIGIN AVL
cat__ORIGIN_SBA,0.00016618167752016912,ORIGIN SBA
cat__DEST_SGF,0.00016412765566169084,DEST SGF
cat__DEST_STATE_NH,0.00016151216355682717,DEST STATE NH
cat__DEST_STATE_VT,0.000161483800199737,DEST STATE VT
cat__ORIGIN_HSV,0.00016050077388164277,ORIGIN HSV
cat__DEST_CID,0.00015845681450887489,DEST CID
cat__DEST_FSD,0.0001568525004623211,DEST FSD
cat__DEST_MHT,0.00015275094306432458,DEST MHT
cat__ORIGIN_SBP,0.00015242058357653628,ORIGIN SBP
cat__ORIGIN_LBB,0.00015228939868434826,ORIGIN LBB
cat__DEST_EYW,0.00014930582126873777,DEST EYW
cat__ORIGIN_TLH,0.00014539641561211455,ORIGIN TLH
cat__DEST_PIE,0.00014445551830506446,DEST PIE
cat__ORIGIN_LEX,0.00014332825330140857,ORIGIN LEX
cat__DEST_PGD,0.0001427413484906235,DEST PGD
cat__ORIGIN_CID,0.00014263301576778457,ORIGIN CID
cat__ORIGIN_PGD,0.00014168088081823745,ORIGIN PGD
cat__DEST_DAY,0.0001401065155857811,DEST DAY
cat__ORIGIN_PIE,0.00013962994739143752,ORIGIN PIE
cat__ORIGIN_MRY,0.0001379163995652842,ORIGIN MRY
cat__DEST_EUG,0.00013767682889277236,DEST EUG
cat__ORIGIN_JAC,0.0001292610918008663,ORIGIN JAC
cat__ORIGIN_ATW,0.00012897715469767812,ORIGIN ATW
cat__DEST_LBB,0.0001277298952714488,DEST LBB
cat__ORIGIN_SGF,0.00012612677328640386,ORIGIN SGF
cat__DEST_CAE,0.00012603940155961953,DEST CAE
cat__ORIGIN_FSD,0.00012506331490672758,ORIGIN FSD
cat__ORIGIN_JAN,0.00012325682761601215,ORIGIN JAN
cat__ORIGIN_ECP,0.00012249722257814914,ORIGIN ECP
cat__ORIGIN_SHV,0.00012039189666693148,ORIGIN SHV
cat__ORIGIN_ICT,0.00012031834940145126,ORIGIN ICT
cat__DEST_FAR,0.00011916073128597591,DEST FAR
cat__DEST_MDT,0.00011850594822336722,DEST MDT
cat__DEST_AMA,0.00011764503197224393,DEST AMA
cat__ORIGIN_MFR,0.00011745349791415557,ORIGIN MFR
cat__ORIGIN_MSO,0.00011742386498996304,ORIGIN MSO
cat__DEST_HSV,0.00011714584383077312,DEST HSV
cat__ORIGIN_EUG,0.00011698187233096794,ORIGIN EUG
cat__DEST_TLH,0.00011660698776149185,DEST TLH
cat__DEST_JAN,0.00011640871947959006,DEST JAN
cat__DEST_SBN,0.00011501626152203935,DEST SBN
cat__ORIGIN_STATE_WV,0.00011480549367544792,ORIGIN STATE WV
cat__DEST_STATE_VI,0.00011392525571350714,DEST STATE VI
cat__DEST_ECP,0.00011390244350405472,DEST ECP
cat__ORIGIN_BTV,0.00011295668043928334,ORIGIN BTV
cat__DEST_ISP,0.00011220814031402947,DEST ISP
cat__ORIGIN_STATE_VT,0.00011191991163292895,ORIGIN STATE VT
cat__ORIGIN_TVC,0.00011160680423555101,ORIGIN TVC
cat__DEST_AZA,0.00011081258418696022,DEST AZA
cat__DEST_FWA,0.00010916327913304934,DEST FWA
cat__ORIGIN_ILM,0.000108366163842106,ORIGIN ILM
cat__ORIGIN_CHO,0.000106102501117878,ORIGIN CHO
cat__ORIGIN_RAP,0.00010311823444215502,ORIGIN RAP
cat__DEST_LEX,0.00010245740613404634,DEST LEX
cat__DEST_JAC,0.00010179650238427201,DEST JAC
cat__DEST_SBP,0.00010045904793207484,DEST SBP
cat__ORIGIN_FWA,9.983841764066016e-05,ORIGIN FWA
cat__ORIGIN_CAE,9.903825865697706e-05,ORIGIN CAE
cat__ORIGIN_RDM,9.843621768329258e-05,ORIGIN RDM
cat__ORIGIN_PIA,9.752158027653822e-05,ORIGIN PIA
cat__ORIGIN_BQN,9.718363051659424e-05,ORIGIN BQN
cat__DEST_RAP,9.69183222384685e-05,DEST RAP
cat__DEST_ILM,9.577048831854809e-05,DEST ILM
cat__DEST_MFR,9.537437679196511e-05,DEST MFR
cat__ORIGIN_STATE_VI,9.527975253405892e-05,ORIGIN STATE VI
cat__DEST_CRP,9.368980693469096e-05,DEST CRP
cat__ORIGIN_EGE,9.331792686905562e-05,ORIGIN EGE
cat__DEST_CHA,9.324811220420932e-05,DEST CHA
cat__ORIGIN_ISP,9.321171255408189e-05,ORIGIN ISP
cat__DEST_BTR,9.296608268789412e-05,DEST BTR
cat__ORIGIN_GNV,9.249201806742892e-05,ORIGIN GNV
cat__ORIGIN_ABI,9.221794947626195e-05,ORIGIN ABI
cat__ORIGIN_ABE,9.150130490948509e-05,ORIGIN ABE
cat__ORIGIN_ITO,9.072290981425279e-05,ORIGIN ITO
cat__DEST_AGS,8.845813377902518e-05,DEST AGS
cat__DEST_STT,8.700841285677644e-05,DEST STT
cat__ORIGIN_SBN,8.557370571175539e-05,ORIGIN SBN
cat__ORIGIN_BTR,8.411251308145827e-05,ORIGIN BTR
cat__DEST_BIS,8.3681125156729e-05,DEST BIS
cat__DEST_MSO,8.340824067526922e-05,DEST MSO
cat__ORIGIN_MDT,8.286990556787288e-05,ORIGIN MDT
cat__ORIGIN_SGU,8.237606720036261e-05,ORIGIN SGU
cat__ORIGIN_TTN,8.212808011937832e-05,ORIGIN TTN
cat__DEST_STATE_WV,8.107769113718594e-05,DEST STATE WV
cat__DEST_PSC,8.098905038158864e-05,DEST PSC
cat__ORIGIN_MGM,7.841450346692325e-05,ORIGIN MGM
cat__ORIGIN_DRO,7.830543664860312e-05,ORIGIN DRO
cat__ORIGIN_AZA,7.745982331213012e-05,ORIGIN AZA
cat__DEST_DRO,7.700512591075463e-05,DEST DRO
cat__DEST_GRB,7.690624537008283e-05,DEST GRB
cat__DEST_ABE,7.68866026474559e-05,DEST ABE
cat__ORIGIN_LFT,7.673886696547819e-05,ORIGIN LFT
cat__ORIGIN_IDA,7.42947593942556e-05,ORIGIN IDA
cat__DEST_HRL,7.39302991309661e-05,DEST HRL
cat__ORIGIN_MOB,7.388596176585764e-05,ORIGIN MOB
cat__DEST_RDM,7.37467854309066e-05,DEST RDM
cat__ORIGIN_FNT,7.265845284537556e-05,ORIGIN FNT
cat__DEST_MOB,7.255020843816835e-05,DEST MOB
cat__DEST_CAK,7.248720820517418e-05,DEST CAK
cat__ORIGIN_HDN,7.140015392860775e-05,ORIGIN HDN
cat__ORIGIN_CRP,7.135469632931885e-05,ORIGIN CRP
cat__DEST_BGR,7.127602007313696e-05,DEST BGR
cat__ORIGIN_CMI,7.122737127032827e-05,ORIGIN CMI
cat__DEST_MFE,7.118249601991583e-05,DEST MFE
cat__ORIGIN_STT,7.110201065083708e-05,ORIGIN STT
cat__ORIGIN_CAK,7.075005528612137e-05,ORIGIN CAK
cat__DEST_BFL,6.865806865880803e-05,DEST BFL
cat__DEST_GPT,6.692583360444573e-05,DEST GPT
cat__ORIGIN_HRL,6.643623202276648e-05,ORIGIN HRL
cat__DEST_FCA,6.620152701610831e-05,DEST FCA
cat__DEST_JNU,6.61532042702011e-05,DEST JNU
cat__DEST_DAB,6.589419618285633e-05,DEST DAB
cat__DEST_OAJ,6.579949685571809e-05,DEST OAJ
cat__DEST_CRW,6.56629419217743e-05,DEST CRW
cat__ORIGIN_GRK,6.461115538912169e-05,ORIGIN GRK
cat__ORIGIN_OAJ,6.406853240096142e-05,ORIGIN OAJ
cat__ORIGIN_MFE,6.371456401598368e-05,ORIGIN MFE
cat__ORIGIN_BGR,6.362253778124057e-05,ORIGIN BGR
cat__DEST_SHV,6.285761710559183e-05,DEST SHV
cat__DEST_BMI,6.145029920779536e-05,DEST BMI
cat__DEST_CHO,6.131659991444274e-05,DEST CHO
cat__ORIGIN_STATE_NH,6.089239640377134e-05,ORIGIN STATE NH
cat__ORIGIN_AGS,6.084952805194237e-05,ORIGIN AGS
cat__DEST_ITO,6.0228592778176846e-05,DEST ITO
cat__ORIGIN_CRW,5.9706498967094876e-05,ORIGIN CRW
cat__DEST_MLI,5.94081505524364e-05,DEST MLI
cat__DEST_GNV,5.9252510252547694e-05,DEST GNV
cat__DEST_GJT,5.891148968029693e-05,DEST GJT
cat__ORIGIN_MLI,5.882697537925602e-05,ORIGIN MLI
cat__ORIGIN_BIS,5.8817278031621654e-05,ORIGIN BIS
cat__ORIGIN_FCA,5.797849776664527e-05,ORIGIN FCA
cat__ORIGIN_FAI,5.685068173535791e-05,ORIGIN FAI
cat__DEST_BIL,5.683456399040151e-05,DEST BIL
cat__DEST_FNT,5.6613388745556004e-05,DEST FNT
cat__ORIGIN_MHT,5.5955396991771036e-05,ORIGIN MHT
cat__ORIGIN_RST,5.5668421044761105e-05,ORIGIN RST
cat__ORIGIN_PSC,5.509727212646762e-05,ORIGIN PSC
cat__DEST_ATW,5.497396570280644e-05,DEST ATW
cat__DEST_PIA,5.4476997053249545e-05,DEST PIA
cat__DEST_EGE,5.34868818816622e-05,DEST EGE
cat__DEST_ACV,5.345499313236958e-05,DEST ACV
cat__ORIGIN_BIL,5.3028215974148316e-05,ORIGIN BIL
cat__DEST_PAE,5.2819392785202465e-05,DEST PAE
cat__DEST_MTJ,5.206307700746261e-05,DEST MTJ
cat__DEST_FAI,5.143304609922871e-05,DEST FAI
cat__DEST_IDA,4.9570437858289246e-05,DEST IDA
cat__ORIGIN_MLU,4.902977418526131e-05,ORIGIN MLU
cat__DEST_GRK,4.8530347631500976e-05,DEST GRK
cat__ORIGIN_GRB,4.849420467286701e-05,ORIGIN GRB
cat__ORIGIN_GJT,4.842797861364681e-05,ORIGIN GJT
cat__ORIGIN_HLN,4.82647291010275e-05,ORIGIN HLN
cat__DEST_TVC,4.812759353360266e-05,DEST TVC
cat__ORIGIN_BMI,4.8109361218945187e-05,ORIGIN BMI
cat__DEST_DLH,4.805521849152328e-05,DEST DLH
cat__DEST_YUM,4.783050077448251e-05,DEST YUM
cat__ORIGIN_LAN,4.7403014499128365e-05,ORIGIN LAN
cat__DEST_MRY,4.659588541319701e-05,DEST MRY
cat__DEST_TRI,4.5951323560924447e-05,DEST TRI
cat__ORIGIN_FLG,4.5672414693568404e-05,ORIGIN FLG
cat__DEST_STS,4.566831357780063e-05,DEST STS
cat__DEST_ACY,4.538503416646639e-05,DEST ACY
cat__DEST_TTN,4.52523820343409e-05,DEST TTN
cat__DEST_COU,4.5089580020981895e-05,DEST COU
cat__DEST_ACK,4.4500342643230464e-05,DEST ACK
cat__DEST_KTN,4.418230397610368e-05,DEST KTN
cat__ORIGIN_FAY,4.416780723920705e-05,ORIGIN FAY
cat__DEST_LNK,4.388218188859568e-05,DEST LNK
cat__ORIGIN_DAB,4.384678276420035e-05,ORIGIN DAB
cat__ORIGIN_AEX,4.2954333889431236e-05,ORIGIN AEX
cat__ORIGIN_ACT,4.255221801694822e-05,ORIGIN ACT
cat__ORIGIN_MOT,4.247586227459573e-05,ORIGIN MOT
cat__ORIGIN_JNU,4.217396025187777e-05,ORIGIN JNU
cat__DEST_MLB,4.205297166382691e-05,DEST MLB
cat__DEST_SGU,4.170698045125094e-05,DEST SGU
cat__DEST_HDN,4.1426565996208295e-05,DEST HDN
cat__ORIGIN_CWA,4.1260975566583207e-05,ORIGIN CWA
cat__ORIGIN_TRI,4.123782955961572e-05,ORIGIN TRI
cat__ORIGIN_MLB,4.0990422206577444e-05,ORIGIN MLB
cat__DEST_HHH,4.039981415415119e-05,DEST HHH
cat__ORIGIN_SAF,4.01387235979485e-05,ORIGIN SAF
cat__DEST_LFT,3.9856104424942034e-05,DEST LFT
cat__ORIGIN_GPT,3.932793010822816e-05,ORIGIN GPT
cat__DEST_VLD,3.915115131549825e-05,DEST VLD
cat__DEST_MHK,3.866401908999826e-05,DEST MHK
cat__DEST_MGM,3.8531871804784547e-05,DEST MGM
cat__ORIGIN_KTN,3.8468048880448014e-05,ORIGIN KTN
cat__ORIGIN_MHK,3.8040993025656985e-05,ORIGIN MHK
cat__ORIGIN_SJT,3.7641656630714816e-05,ORIGIN SJT
cat__ORIGIN_DLH,3.757028826094638e-05,ORIGIN DLH
cat__DEST_BLI,3.754289581086515e-05,DEST BLI
cat__DEST_FAY,3.745349096385067e-05,DEST FAY
cat__ORIGIN_HHH,3.662790173746234e-05,ORIGIN HHH
cat__DEST_FLG,3.660905559477257e-05,DEST FLG
cat__ORIGIN_BLI,3.638344225172712e-05,ORIGIN BLI
cat__ORIGIN_EWN,3.633927866903407e-05,ORIGIN EWN
cat__DEST_SJT,3.607619979147722e-05,DEST SJT
cat__ORIGIN_CPR,3.554935415268524e-05,ORIGIN CPR
cat__ORIGIN_LRD,3.521267008625097e-05,ORIGIN LRD
cat__ORIGIN_AVP,3.4603543585983653e-05,ORIGIN AVP
cat__DEST_SAF,3.412311759803861e-05,DEST SAF
cat__DEST_AVP,3.4119757771486737e-05,DEST AVP
cat__ORIGIN_ACV,3.400814904869831e-05,ORIGIN ACV
cat__DEST_CMI,3.3919655799984255e-05,DEST CMI
cat__ORIGIN_PRC,3.3899655168312325e-05,ORIGIN PRC
cat__ORIGIN_MTJ,3.389255775631773e-05,ORIGIN MTJ
cat__ORIGIN_BFL,3.376387663173051e-05,ORIGIN BFL
cat__DEST_BRO,3.35362177006529e-05,DEST BRO
cat__ORIGIN_GTR,3.350255852058449e-05,ORIGIN GTR
cat__ORIGIN_TYR,3.318523966293025e-05,ORIGIN TYR
cat__ORIGIN_GTF,3.311520647857851e-05,ORIGIN GTF
cat__DEST_LAN,3.301888674422048e-05,DEST LAN
cat__ORIGIN_LSE,3.29283100217508e-05,ORIGIN LSE
cat__DEST_ABI,3.2425857155824626e-05,DEST ABI
cat__ORIGIN_SPS,3.1891352886326934e-05,ORIGIN SPS
cat__ORIGIN_XWA,3.187874920135964e-05,ORIGIN XWA
cat__DEST_PIH,3.115036368953952e-05,DEST PIH
cat__ORIGIN_LAW,3.1060162503163585e-05,ORIGIN LAW
cat__DEST_BQN,3.1004962780150184e-05,DEST BQN
cat__ORIGIN_CIU,3.042214970048113e-05,ORIGIN CIU
cat__DEST_RST,3.0257077324914685e-05,DEST RST
cat__ORIGIN_ACY,3.003748820637739e-05,ORIGIN ACY
cat__ORIGIN_STS,2.988082612113253e-05,ORIGIN STS
cat__ORIGIN_MQT,2.9550692594587096e-05,ORIGIN MQT
cat__ORIGIN_BLV,2.9315726595217122e-05,ORIGIN BLV
cat__ORIGIN_FSM,2.9092036362581988e-05,ORIGIN FSM
cat__ORIGIN_PHF,2.8132656033443194e-05,ORIGIN PHF
cat__ORIGIN_STX,2.8119251151650214e-05,ORIGIN STX
cat__ORIGIN_ABR,2.809787261367131e-05,ORIGIN ABR
cat__ORIGIN_COU,2.750955673162865e-05,ORIGIN COU
cat__ORIGIN_EVV,2.7345598108395547e-05,ORIGIN EVV
cat__ORIGIN_GFK,2.7278440450859685e-05,ORIGIN GFK
cat__ORIGIN_ELM,2.7242317154871905e-05,ORIGIN ELM
cat__ORIGIN_VLD,2.7209450570876816e-05,ORIGIN VLD
cat__ORIGIN_BRO,2.7065445035636146e-05,ORIGIN BRO
cat__ORIGIN_RDD,2.6987618601665312e-05,ORIGIN RDD
cat__ORIGIN_CKB,2.69617744893302e-05,ORIGIN CKB
cat__DEST_RDD,2.6892484596184326e-05,DEST RDD
cat__ORIGIN_ACK,2.6810276741499856e-05,ORIGIN ACK
cat__DEST_ABY,2.6357508280930144e-05,DEST ABY
cat__ORIGIN_ROW,2.627578198256385e-05,ORIGIN ROW
cat__DEST_CWA,2.608241637046552e-05,DEST CWA
cat__DEST_AZO,2.605679689933559e-05,DEST AZO
cat__DEST_PAH,2.6017475394433693e-05,DEST PAH
cat__DEST_PRC,2.5377128592878707e-05,DEST PRC
cat__ORIGIN_MBS,2.506108097408968e-05,ORIGIN MBS
cat__ORIGIN_SPI,2.4636460981886357e-05,ORIGIN SPI
cat__DEST_GCC,2.4605001190451287e-05,DEST GCC
cat__DEST_LSE,2.4536268018337972e-05,DEST LSE
cat__DEST_ROW,2.4273684134374924e-05,DEST ROW
cat__DEST_LAW,2.4235053910331285e-05,DEST LAW
cat__DEST_CLL,2.42124645643716e-05,DEST CLL
cat__ORIGIN_PLN,2.4206238182731366e-05,ORIGIN PLN
cat__ORIGIN_AZO,2.4086379780500582e-05,ORIGIN AZO
cat__ORIGIN_SWF,2.3959380694407654e-05,ORIGIN SWF
cat__ORIGIN_INL,2.375040833623148e-05,ORIGIN INL
cat__ORIGIN_ROA,2.3720572356001e-05,ORIGIN ROA
cat__ORIGIN_BET,2.362524969407158e-05,ORIGIN BET
cat__DEST_MOT,2.335015232502976e-05,DEST MOT
cat__ORIGIN_EAU,2.3259309758947573e-05,ORIGIN EAU
cat__DEST_LBL,2.287635924615478e-05,DEST LBL
cat__ORIGIN_CLL,2.2843990703514774e-05,ORIGIN CLL
cat__ORIGIN_ADQ,2.2484731300475617e-05,ORIGIN ADQ
cat__DEST_INL,2.2397776690962667e-05,DEST INL
cat__DEST_EAR,2.2009558717983536e-05,DEST EAR
cat__DEST_EAU,2.1787536731838102e-05,DEST EAU
cat__DEST_CPR,2.178071192321657e-05,DEST CPR
cat__DEST_HYS,2.1731015992606835e-05,DEST HYS
cat__ORIGIN_LCK,2.1707768769300356e-05,ORIGIN LCK
cat__DEST_SPI,2.160200444313001e-05,DEST SPI
cat__DEST_SUN,2.1570229800497375e-05,DEST SUN
cat__DEST_CSG,2.1465438776152485e-05,DEST CSG
cat__DEST_STX,2.073028872559381e-05,DEST STX
cat__DEST_SLN,2.0516226901694192e-05,DEST SLN
cat__DEST_LRD,2.0488617628899336e-05,DEST LRD
cat__ORIGIN_SIT,2.0376699362026623e-05,ORIGIN SIT
cat__DEST_PVU,2.0362573625077288e-05,DEST PVU
cat__DEST_DBQ,2.0227388216173805e-05,DEST DBQ
cat__DEST_AEX,1.9981598534136232e-05,DEST AEX
cat__DEST_GTR,1.9872191026915002e-05,DEST GTR
cat__DEST_EVV,1.9541280782359445e-05,DEST EVV
cat__ORIGIN_PIB,1.943597142458629e-05,ORIGIN PIB
cat__DEST_GTF,1.9421113748381776e-05,DEST GTF
cat__DEST_HLN,1.941892217208261e-05,DEST HLN
cat__DEST_SPS,1.9357905932621873e-05,DEST SPS
cat__DEST_PBG,1.8821350070242032e-05,DEST PBG
cat__DEST_FSM,1.8540268710457153e-05,DEST FSM
cat__ORIGIN_SLN,1.8458598421098948e-05,ORIGIN SLN
cat__DEST_ORH,1.8450260507793334e-05,DEST ORH
cat__DEST_LBE,1.8434985009900763e-05,DEST LBE
cat__DEST_ABR,1.843120778394523e-05,DEST ABR
cat__ORIGIN_APN,1.838585851806326e-05,ORIGIN APN
cat__DEST_GUC,1.8280670685658006e-05,DEST GUC
cat__ORIGIN_ORH,1.813831721247906e-05,ORIGIN ORH
cat__ORIGIN_CGI,1.8136193946031612e-05,ORIGIN CGI
cat__DEST_PIB,1.8107485163228912e-05,DEST PIB
cat__DEST_RHI,1.8061622165758388e-05,DEST RHI
cat__DEST_GFK,1.7880319191977216e-05,DEST GFK
cat__DEST_BLV,1.787804362962019e-05,DEST BLV
cat__DEST_SWF,1.7868141976158202e-05,DEST SWF
cat__ORIGIN_ALS,1.77921043641198e-05,ORIGIN ALS
cat__ORIGIN_USA,1.7713086220273744e-05,ORIGIN USA
cat__DEST_MLU,1.757756929851989e-05,DEST MLU
cat__ORIGIN_PAE,1.7432978167238243e-05,ORIGIN PAE
cat__ORIGIN_PSG,1.738986113144612e-05,ORIGIN PSG
cat__ORIGIN_GGG,1.7352742991362824e-05,ORIGIN GGG
cat__DEST_IMT,1.7237876063587987e-05,DEST IMT
cat__ORIGIN_TXK,1.7123054152512686e-05,ORIGIN TXK
cat__DEST_ALO,1.7066706531135933e-05,DEST ALO
cat__ORIGIN_YUM,1.7035342411990264e-05,ORIGIN YUM
cat__ORIGIN_ESC,1.6814088174171986e-05,ORIGIN ESC
cat__DEST_PSG,1.6762424853154552e-05,DEST PSG
cat__ORIGIN_TOL,1.6729888515156427e-05,ORIGIN TOL
cat__ORIGIN_CMX,1.6606352256580445e-05,ORIGIN CMX
cat__ORIGIN_JMS,1.6473639298514276e-05,ORIGIN JMS
cat__ORIGIN_LAR,1.619526853885322e-05,ORIGIN LAR
cat__DEST_TYR,1.5468399971324505e-05,DEST TYR
cat__ORIGIN_JLN,1.541461853621259e-05,ORIGIN JLN
cat__ORIGIN_VCT,1.5238305067661952e-05,ORIGIN VCT
cat__ORIGIN_DVL,1.5014839688361557e-05,ORIGIN DVL
cat__ORIGIN_LNK,1.4922700170413932e-05,ORIGIN LNK
cat__DEST_LCH,1.473738453455309e-05,DEST LCH
cat__DEST_COD,1.4654401996925843e-05,DEST COD
cat__ORIGIN_MEI,1.4296946656233883e-05,ORIGIN MEI
cat__DEST_MQT,1.4290796558524602e-05,DEST MQT
cat__DEST_LBF,1.4251633638086912e-05,DEST LBF
cat__DEST_SCK,1.4172812323113867e-05,DEST SCK
cat__ORIGIN_GRI,1.4157396990185146e-05,ORIGIN GRI
cat__DEST_TXK,1.4051469647998558e-05,DEST TXK
cat__ORIGIN_WRG,1.3916686463534635e-05,ORIGIN WRG
cat__DEST_LAR,1.3846472201399546e-05,DEST LAR
cat__ORIGIN_LWS,1.3579940022562635e-05,ORIGIN LWS
cat__DEST_ROA,1.3533940933907849e-05,DEST ROA
cat__DEST_MEI,1.3530950186597392e-05,DEST MEI
cat__DEST_SCE,1.3476256364204204e-05,DEST SCE
cat__DEST_GCK,1.3438059681239304e-05,DEST GCK
cat__ORIGIN_DBQ,1.3388084030058466e-05,ORIGIN DBQ
cat__DEST_GUM,1.3333774787755606e-05,DEST GUM
cat__DEST_GRI,1.3329391525826709e-05,DEST GRI
cat__ORIGIN_SUN,1.3259838677429896e-05,ORIGIN SUN
cat__DEST_DLG,1.3250246307663122e-05,DEST DLG
cat__DEST_SCC,1.3222267296296747e-05,DEST SCC
cat__DEST_BFF,1.3031578705106135e-05,DEST BFF
cat__DEST_MBS,1.2903228716070199e-05,DEST MBS
cat__DEST_CMX,1.2876417877088159e-05,DEST CMX
cat__DEST_PSE,1.2752465367470395e-05,DEST PSE
cat__ORIGIN_SCK,1.245867913440908e-05,ORIGIN SCK
cat__DEST_IAG,1.2427291836753907e-05,DEST IAG
cat__ORIGIN_PVU,1.2337968742248673e-05,ORIGIN PVU
cat__DEST_CGI,1.22897322406215e-05,DEST CGI
cat__ORIGIN_ITH,1.221205694543599e-05,ORIGIN ITH
cat__DEST_CIU,1.2201089055359211e-05,DEST CIU
cat__ORIGIN_ABY,1.2143222626593286e-05,ORIGIN ABY
cat__DEST_PUB,1.2140777695189208e-05,DEST PUB
cat__DEST_RFD,1.2095176173894907e-05,DEST RFD
cat__DEST_DHN,1.1912985412798781e-05,DEST DHN
cat__ORIGIN_IAG,1.1887427066283169e-05,ORIGIN IAG
cat__DEST_SWO,1.1866174634045763e-05,DEST SWO
cat__DEST_TOL,1.1803507155102889e-05,DEST TOL
cat__ORIGIN_HYS,1.1639273887854479e-05,ORIGIN HYS
cat__ORIGIN_PSE,1.1579420577827946e-05,ORIGIN PSE
cat__ORIGIN_OGS,1.1522639419946998e-05,ORIGIN OGS
cat__ORIGIN_CSG,1.1509523706637409e-05,ORIGIN CSG
cat__DEST_JLN,1.149412524129549e-05,DEST JLN
cat__ORIGIN_SUX,1.1272194435491406e-05,ORIGIN SUX
cat__DEST_ESC,1.1178380248438299e-05,DEST ESC
cat__DEST_WRG,1.1120564897632613e-05,DEST WRG
cat__ORIGIN_IMT,1.0736674915392467e-05,ORIGIN IMT
cat__ORIGIN_SWO,1.0685636442551626e-05,ORIGIN SWO
cat__ORIGIN_OTH,1.0617387458303856e-05,ORIGIN OTH
cat__ORIGIN_LBE,1.0545859511848083e-05,ORIGIN LBE
cat__ORIGIN_PAH,1.048907699378567e-05,ORIGIN PAH
cat__ORIGIN_SCE,1.0442953138092013e-05,ORIGIN SCE
cat__ORIGIN_DEC,1.029560349992632e-05,ORIGIN DEC
cat__ORIGIN_LWB,1.0279839186758821e-05,ORIGIN LWB
cat__ORIGIN_GUC,9.973751381102854e-06,ORIGIN GUC
cat__DEST_DRT,9.948428914523134e-06,DEST DRT
cat__ORIGIN_DHN,9.939141526910894e-06,ORIGIN DHN
cat__DEST_VCT,9.913943377118532e-06,DEST VCT
cat__ORIGIN_CDV,9.85321831476495e-06,ORIGIN CDV
cat__DEST_USA,9.811832216296562e-06,DEST USA
cat__ORIGIN_BPT,9.793893901984727e-06,ORIGIN BPT
cat__ORIGIN_RHI,9.694250537276613e-06,ORIGIN RHI
cat__ORIGIN_MVY,9.636539483352182e-06,ORIGIN MVY
cat__DEST_XWA,9.546259605854563e-06,DEST XWA
cat__ORIGIN_BRD,9.517666682044637e-06,ORIGIN BRD
cat__DEST_BJI,9.503113993788545e-06,DEST BJI
cat__DEST_MVY,9.497173472196086e-06,DEST MVY
cat__ORIGIN_CNY,9.219225165764896e-06,ORIGIN CNY
cat__DEST_GGG,9.01131894199702e-06,DEST GGG
cat__DEST_ATY,8.88517460302358e-06,DEST ATY
cat__ORIGIN_PIH,8.884915079375975e-06,ORIGIN PIH
cat__DEST_SIT,8.858692882532688e-06,DEST SIT
cat__DEST_STATE_TT,8.825278272935024e-06,DEST STATE TT
cat__ORIGIN_LBL,8.693371587569276e-06,ORIGIN LBL
cat__ORIGIN_DDC,8.679892644687897e-06,ORIGIN DDC
cat__ORIGIN_RFD,8.622801680375931e-06,ORIGIN RFD
cat__DEST_LWS,8.422067682988142e-06,DEST LWS
cat__DEST_ERI,8.37317305962054e-06,DEST ERI
cat__ORIGIN_ERI,8.29935631495448e-06,ORIGIN ERI
cat__DEST_EWN,8.223669869778932e-06,DEST EWN
cat__DEST_ACT,8.20086865876227e-06,DEST ACT
cat__ORIGIN_ALW,8.193750920601099e-06,ORIGIN ALW
cat__DEST_APN,7.933559194765856e-06,DEST APN
cat__DEST_BGM,7.9232698373638e-06,DEST BGM
cat__ORIGIN_PIR,7.885287647499659e-06,ORIGIN PIR
cat__DEST_BRW,7.88228161085438e-06,DEST BRW
cat__ORIGIN_PBG,7.866752968274788e-06,ORIGIN PBG
cat__DEST_JMS,7.834030191019616e-06,DEST JMS
cat__DEST_DVL,7.822279614188183e-06,DEST DVL
cat__DEST_PUW,7.814725760283699e-06,DEST PUW
cat__DEST_DEC,7.77493071171971e-06,DEST DEC
cat__DEST_ALW,7.765411436557971e-06,DEST ALW
cat__ORIGIN_VEL,7.557298896001235e-06,ORIGIN VEL
cat__ORIGIN_BGM,7.4995081708010735e-06,ORIGIN BGM
cat__ORIGIN_EAR,7.3260880174464025e-06,ORIGIN EAR
cat__DEST_PIR,7.3016013390069825e-06,DEST PIR
cat__DEST_SUX,7.295736049036281e-06,DEST SUX
cat__ORIGIN_PUW,7.239210358449688e-06,ORIGIN PUW
cat__ORIGIN_OTZ,7.211673621827512e-06,ORIGIN OTZ
cat__DEST_CNY,7.164795076037062e-06,DEST CNY
cat__DEST_DDC,7.15142042690308e-06,DEST DDC
cat__DEST_BTM,7.109656426994155e-06,DEST BTM
cat__DEST_MMH,7.077327506044686e-06,DEST MMH
cat__ORIGIN_DLG,6.974968808129733e-06,ORIGIN DLG
cat__ORIGIN_STATE_TT,6.959207984930058e-06,ORIGIN STATE TT
cat__DEST_TWF,6.942859768797825e-06,DEST TWF
cat__DEST_PHF,6.703475972931013e-06,DEST PHF
cat__DEST_BET,6.6587311300308484e-06,DEST BET
cat__DEST_MKG,6.63944490993886e-06,DEST MKG
cat__DEST_SMX,6.342693464764126e-06,DEST SMX
cat__ORIGIN_LBF,6.331732408143389e-06,ORIGIN LBF
cat__DEST_PLN,6.32045196505424e-06,DEST PLN
cat__ORIGIN_SCC,6.297811165208821e-06,ORIGIN SCC
cat__DEST_CDV,6.229348066086816e-06,DEST CDV
cat__DEST_ITH,6.064765417605388e-06,DEST ITH
cat__ORIGIN_BRW,6.040086101237004e-06,ORIGIN BRW
cat__ORIGIN_HOB,5.998407464064776e-06,ORIGIN HOB
cat__ORIGIN_HVN,5.9727369593245995e-06,ORIGIN HVN
cat__DEST_PSM,5.94938912335731e-06,DEST PSM
cat__DEST_CDB,5.906065231277174e-06,DEST CDB
cat__ORIGIN_RIW,5.8787206342204355e-06,ORIGIN RIW
cat__DEST_MCW,5.824845747129622e-06,DEST MCW
cat__ORIGIN_MMH,5.816400806592112e-06,ORIGIN MMH
cat__DEST_OGS,5.662305774236376e-06,DEST OGS
cat__ORIGIN_LCH,5.3976493582090286e-06,ORIGIN LCH
cat__ORIGIN_HIB,5.326056278319276e-06,ORIGIN HIB
cat__DEST_SHD,5.1375546506452114e-06,DEST SHD
cat__DEST_LWB,5.094533441164055e-06,DEST LWB
cat__DEST_CYS,5.042543445007433e-06,DEST CYS
cat__ORIGIN_COD,5.034066810823456e-06,ORIGIN COD
cat__ORIGIN_BTM,5.026768809112263e-06,ORIGIN BTM
cat__DEST_FOD,4.945148323375897e-06,DEST FOD
cat__ORIGIN_DRT,4.933582768510028e-06,ORIGIN DRT
cat__DEST_LCK,4.849533376286867e-06,DEST LCK
cat__ORIGIN_HTS,4.7666287109590645e-06,ORIGIN HTS
cat__ORIGIN_EKO,4.660265714411845e-06,ORIGIN EKO
cat__ORIGIN_CYS,4.640107552474582e-06,ORIGIN CYS
cat__ORIGIN_SPN,4.639638523940113e-06,ORIGIN SPN
cat__ORIGIN_GCK,4.528851525046635e-06,ORIGIN GCK
cat__DEST_YAK,4.3912107560416554e-06,DEST YAK
cat__ORIGIN_BFF,4.323910627274246e-06,ORIGIN BFF
cat__ORIGIN_ATY,4.304318867300496e-06,ORIGIN ATY
cat__DEST_BQK,4.112933300848562e-06,DEST BQK
cat__ORIGIN_ALO,3.947808361854474e-06,ORIGIN ALO
cat__ORIGIN_CDC,3.8902412461207254e-06,ORIGIN CDC
cat__ORIGIN_YKM,3.839932566676151e-06,ORIGIN YKM
cat__DEST_SHR,3.634939082193839e-06,DEST SHR
cat__ORIGIN_SHD,3.6183103822015578e-06,ORIGIN SHD
cat__ORIGIN_GCC,3.588236279105375e-06,ORIGIN GCC
cat__ORIGIN_PUB,3.4753137983404017e-06,ORIGIN PUB
cat__ORIGIN_YAK,3.2574201442487386e-06,ORIGIN YAK
cat__DEST_OTH,3.1958209447472462e-06,DEST OTH
cat__DEST_HVN,2.958802572545399e-06,DEST HVN
cat__ORIGIN_FOD,2.9119903977643227e-06,ORIGIN FOD
cat__DEST_VEL,2.7560132779284444e-06,DEST VEL
cat__ORIGIN_MKG,2.4987598558473356e-06,ORIGIN MKG
cat__ORIGIN_MCW,2.493013260768175e-06,ORIGIN MCW
cat__ORIGIN_EAT,2.477740737589965e-06,ORIGIN EAT
cat__DEST_HTS,2.4693790686814087e-06,DEST HTS
cat__DEST_JST,2.4599978469440396e-06,DEST JST
cat__DEST_RIW,2.3615133403010294e-06,DEST RIW
cat__ORIGIN_PSM,2.1984692162178733e-06,ORIGIN PSM
cat__DEST_BPT,2.187997655575974e-06,DEST BPT
cat__ORIGIN_OME,2.0903998814143175e-06,ORIGIN OME
cat__DEST_WYS,2.0200189489271443e-06,DEST WYS
cat__ORIGIN_SMX,1.9695582590428413e-06,ORIGIN SMX
cat__DEST_CKB,1.948748651907569e-06,DEST CKB
cat__ORIGIN_BQK,1.9257138885308707e-06,ORIGIN BQK
cat__DEST_EAT,1.921188924884252e-06,DEST EAT
cat__DEST_GST,1.8366550187933035e-06,DEST GST
cat__ORIGIN_AKN,1.5878823314095333e-06,ORIGIN AKN
cat__ORIGIN_LYH,1.5739237633996219e-06,ORIGIN LYH
cat__DEST_OME,1.5162029881111348e-06,DEST OME
cat__DEST_OTZ,1.503906164270715e-06,DEST OTZ
cat__DEST_ADQ,1.471929722702902e-06,DEST ADQ
cat__ORIGIN_TWF,1.4676294595197127e-06,ORIGIN TWF
cat__DEST_DIK,1.4204299479244696e-06,DEST DIK
cat__DEST_YKM,1.4057252935508587e-06,DEST YKM
cat__ORIGIN_RKS,1.2699373176291852e-06,ORIGIN RKS
cat__ORIGIN_JST,1.249420271157595e-06,ORIGIN JST
cat__ORIGIN_BJI,1.2306259682075312e-06,ORIGIN BJI
cat__ORIGIN_WYS,1.2214037386254905e-06,ORIGIN WYS
cat__ORIGIN_STATE_DE,1.1327247641389155e-06,ORIGIN STATE DE
cat__ORIGIN_HYA,1.0645935083055624e-06,ORIGIN HYA
cat__DEST_ELM,1.0519303718152986e-06,DEST ELM
cat__ORIGIN_TBN,1.0327263254944927e-06,ORIGIN TBN
cat__DEST_CDC,1.032035322336661e-06,DEST CDC
cat__ORIGIN_GST,1.0002111605036428e-06,ORIGIN GST
cat__ORIGIN_GUM,9.234942362437472e-07,ORIGIN GUM
cat__ORIGIN_PPG,8.562316186633608e-07,ORIGIN PPG
cat__DEST_HIB,8.296315928531029e-07,DEST HIB
cat__DEST_EKO,7.82548975497062e-07,DEST EKO
cat__DEST_RKS,7.542290674498546e-07,DEST RKS
cat__ORIGIN_ILG,6.453689824585559e-07,ORIGIN ILG
cat__ORIGIN_ADK,6.372072463976389e-07,ORIGIN ADK
cat__DEST_LYH,5.169651440579198e-07,DEST LYH
cat__DEST_HYA,5.112788723076589e-07,DEST HYA
cat__DEST_ISN,4.5767635885957933e-07,DEST ISN
cat__DEST_ALS,4.2907819981813166e-07,DEST ALS
cat__DEST_SPN,3.3606120501194415e-07,DEST SPN
cat__DEST_ADK,3.267221084630046e-07,DEST ADK
cat__DEST_HOB,3.021184789501917e-07,DEST HOB
cat__ORIGIN_UIN,2.948582957986141e-07,ORIGIN UIN
cat__ORIGIN_ISN,2.943381262809078e-07,ORIGIN ISN
cat__ORIGIN_DIK,2.855510168549084e-07,ORIGIN DIK
cat__DEST_HGR,2.593545782137052e-07,DEST HGR
cat__DEST_OWB,2.3669419594993544e-07,DEST OWB
cat__DEST_BRD,1.8855856423116564e-07,DEST BRD
cat__DEST_STATE_DE,1.773028660476152e-07,DEST STATE DE
cat__DEST_ART,1.6314931237922403e-07,DEST ART
cat__DEST_ILG,1.2792834426521468e-07,DEST ILG
cat__ORIGIN_OWB,8.055014768822538e-08,ORIGIN OWB
cat__DEST_UIN,7.538795804868455e-08,DEST UIN
cat__ORIGIN_BIH,6.978218074919442e-08,ORIGIN BIH
cat__DEST_STC,5.742648124017517e-08,DEST STC
cat__ORIGIN_SHR,5.557778261542175e-08,ORIGIN SHR
cat__DEST_BIH,1.6962558639196704e-08,DEST BIH
cat__ORIGIN_CDB,0.0,ORIGIN CDB
cat__ORIGIN_STC,0.0,ORIGIN STC
cat__DEST_BKG,0.0,DEST BKG
cat__ORIGIN_BFM,0.0,ORIGIN BFM
cat__DEST_FLO,0.0,DEST FLO
cat__DEST_AKN,0.0,DEST AKN
cat__ORIGIN_HGR,0.0,ORIGIN HGR
cat__DEST_OGD,0.0,DEST OGD
cat__DEST_PGV,0.0,DEST PGV
cat__DEST_PPG,0.0,DEST PPG
cat__ORIGIN_ART,0.0,ORIGIN ART
cat__ORIGIN_PGV,0.0,ORIGIN PGV
cat__ORIGIN_BKG,0.0,ORIGIN BKG
cat__DEST_TBN,0.0,DEST TBN
cat__DEST_BFM,0.0,DEST BFM
